<?xml version="1.0" encoding="UTF-8"?>
<!DOCTYPE plist PUBLIC "-//Apple//DTD PLIST 1.0//EN" "http://www.apple.com/DTDs/PropertyList-1.0.dtd">
<plist version="1.0">
<dict>
	<key>Name</key>
	<string>Shaders</string>
	<key>Author</key>
	<string>Daxnitro</string>
	<key>Identifier</key>
	<string>com.daxnitro.shaders</string>
	<key>Version</key>
	<string>2.1.4</string>
	<key>MCVersions</key>
	<string>1.2.4</string>
	<key>ShortDescription</key>
	<string>This mod enables the use of GLSL shaders during gameplay.</string>
</dict>
</plist>
